{
  "data" : [
    {
      "text" : "Give me the news for basketball",
      "entities" : [
        {
          "entity" : "intent",
          "value" : "\"news\""
        },
        {
          "entity" : "search_query",
          "value" : "\"basketball\"",
          "start" : 21,
          "end" : 31
        }
      ]
    },
    {
      "text" : "I want to laugh",
      "entities" : [
        {
          "entity" : "intent",
          "value" : "\"jokes\""
        }
      ]
    },
    {
      "text" : "can I see a pokemon?",
      "entities" : [
        {
          "entity" : "intent",
          "value" : "\"pokemon\""
        }
      ]
    },
    {
      "text" : "can I view existing projects?",
      "entities" : [
        {
          "entity" : "intent",
          "value" : "\"projects\""
        }
      ]
    },
    {
      "text" : "can i see your work?",
      "entities" : [
        {
          "entity" : "intent",
          "value" : "\"projects\""
        }
      ]
    },
    {
      "text" : "can you give me your uptime?",
      "entities" : [
        {
          "entity" : "intent",
          "value" : "\"uptime\""
        }
      ]
    },
    {
      "text" : "can you show me news for chicago",
      "entities" : [
        {
          "entity" : "intent",
          "value" : "\"news\""
        },
        {
          "entity" : "search_query",
          "value" : "\"chicago\"",
          "start" : 25,
          "end" : 32
        }
      ]
    },
    {
      "text" : "can you show me news for pizza",
      "entities" : [
        {
          "entity" : "intent",
          "value" : "\"news\""
        },
        {
          "entity" : "search_query",
          "value" : "\"pizza\"",
          "start" : 25,
          "end" : 30
        }
      ]
    },
    {
      "text" : "can you show me news for unicorns",
      "entities" : [
        {
          "entity" : "intent",
          "value" : "\"news\""
        },
        {
          "entity" : "search_query",
          "value" : "\"unicorns\"",
          "start" : 25,
          "end" : 33
        }
      ]
    },
    {
      "text" : "can you show me projects",
      "entities" : [
        {
          "entity" : "intent",
          "value" : "\"projects\""
        }
      ]
    },
    {
      "text" : "give me a good joke",
      "entities" : [
        {
          "entity" : "intent",
          "value" : "\"jokes\""
        }
      ]
    },
    {
      "text" : "give me a good one",
      "entities" : [
        {
          "entity" : "intent",
          "value" : "\"jokes\""
        }
      ]
    },
    {
      "text" : "give me a joke"
    },
    {
      "text" : "how can i learn more",
      "entities" : [
        {
          "entity" : "intent",
          "value" : "\"faq\""
        }
      ]
    },
    {
      "text" : "how long have you been up?",
      "entities" : [
        {
          "entity" : "intent",
          "value" : "\"uptime\""
        }
      ]
    },
    {
      "text" : "make me laugh"
    },
    {
      "text" : "news for cheese cake",
      "entities" : [
        {
          "entity" : "intent",
          "value" : "\"news\""
        },
        {
          "entity" : "search_query",
          "value" : "\"cheese cake\"",
          "start" : 9,
          "end" : 20
        }
      ]
    },
    {
      "text" : "news for tennis stuff",
      "entities" : [
        {
          "entity" : "intent",
          "value" : "\"news\""
        },
        {
          "entity" : "search_query",
          "value" : "\"tennis stuff\"",
          "start" : 9,
          "end" : 21
        }
      ]
    },
    {
      "text" : "projects",
      "entities" : [
        {
          "entity" : "intent",
          "value" : "\"projects\""
        }
      ]
    },
    {
      "text" : "repeat after me, cheese cake!",
      "entities" : [
        {
          "entity" : "intent",
          "value" : "\"repeat\""
        },
        {
          "entity" : "message_body",
          "value" : "\"cheese cake!\"",
          "start" : 17,
          "end" : 29
        }
      ]
    },
    {
      "text" : "say cheese cake!",
      "entities" : [
        {
          "entity" : "intent",
          "value" : "\"repeat\""
        },
        {
          "entity" : "message_body",
          "value" : "\"cheese cake!\"",
          "start" : 4,
          "end" : 16
        }
      ]
    },
    {
      "text" : "say eat food!",
      "entities" : [
        {
          "entity" : "intent",
          "value" : "\"repeat\""
        },
        {
          "entity" : "message_body",
          "value" : "\"eat food!\"",
          "start" : 4,
          "end" : 13
        }
      ]
    },
    {
      "text" : "show me a pokemon",
      "entities" : [
        {
          "entity" : "intent",
          "value" : "\"pokemon\""
        }
      ]
    },
    {
      "text" : "show me news for asia",
      "entities" : [
        {
          "entity" : "intent",
          "value" : "\"news\""
        },
        {
          "entity" : "search_query",
          "value" : "\"asia\"",
          "start" : 17,
          "end" : 21
        }
      ]
    },
    {
      "text" : "show me your projects",
      "entities" : [
        {
          "entity" : "intent",
          "value" : "\"projects\""
        }
      ]
    },
    {
      "text" : "simon says: cheese cake!",
      "entities" : [
        {
          "entity" : "intent",
          "value" : "\"repeat\""
        },
        {
          "entity" : "message_body",
          "value" : "\"cheese cake!\"",
          "start" : 12,
          "end" : 24
        }
      ]
    },
    {
      "text" : "tell me a joke"
    },
    {
      "text" : "tell me about innovation edge",
      "entities" : [
        {
          "entity" : "intent",
          "value" : "\"faq\""
        }
      ]
    },
    {
      "text" : "tell me something funny",
      "entities" : [
        {
          "entity" : "intent",
          "value" : "\"jokes\""
        }
      ]
    },
    {
      "text" : "what are your running stats?",
      "entities" : [
        {
          "entity" : "intent",
          "value" : "\"uptime\""
        }
      ]
    },
    {
      "text" : "what chu be working on?",
      "entities" : [
        {
          "entity" : "intent",
          "value" : "\"projects\""
        },
        {
          "entity" : "message_body",
          "value" : "\"working on\"",
          "start" : 12,
          "end" : 22
        }
      ]
    },
    {
      "text" : "what do you guys do",
      "entities" : [
        {
          "entity" : "intent",
          "value" : "\"faq\""
        }
      ]
    },
    {
      "text" : "what does ie team do",
      "entities" : [
        {
          "entity" : "intent",
          "value" : "\"faq\""
        }
      ]
    },
    {
      "text" : "what is innovation edge",
      "entities" : [
        {
          "entity" : "intent",
          "value" : "\"faq\""
        }
      ]
    },
    {
      "text" : "what kind of things do you do?",
      "entities" : [
        {
          "entity" : "intent",
          "value" : "\"projects\""
        }
      ]
    },
    {
      "text" : "what kind of work do you work on?",
      "entities" : [
        {
          "entity" : "intent",
          "value" : "\"faq\""
        }
      ]
    },
    {
      "text" : "what stuff do you work on?",
      "entities" : [
        {
          "entity" : "intent",
          "value" : "\"projects\""
        }
      ]
    },
    {
      "text" : "what work do you do",
      "entities" : [
        {
          "entity" : "intent",
          "value" : "\"faq\""
        }
      ]
    },
    {
      "text" : "what's going on in basketball",
      "entities" : [
        {
          "entity" : "intent",
          "value" : "\"news\""
        },
        {
          "entity" : "search_query",
          "value" : "\"basketball\"",
          "start" : 19,
          "end" : 29
        }
      ]
    },
    {
      "text" : "what's going on in tennis",
      "entities" : [
        {
          "entity" : "intent",
          "value" : "\"news\""
        },
        {
          "entity" : "search_query",
          "value" : "\" tennis\"",
          "start" : 18,
          "end" : 25
        }
      ]
    },
    {
      "text" : "what's happening in asia",
      "entities" : [
        {
          "entity" : "intent",
          "value" : "\"news\""
        },
        {
          "entity" : "search_query",
          "value" : "\"asia\"",
          "start" : 20,
          "end" : 24
        }
      ]
    },
    {
      "text" : "what's happening in the world",
      "entities" : [
        {
          "entity" : "intent",
          "value" : "\"news\""
        }
      ]
    },
    {
      "text" : "whats going on in bubble tea",
      "entities" : [
        {
          "entity" : "intent",
          "value" : "\"news\""
        },
        {
          "entity" : "search_query",
          "value" : "\" bubble tea\"",
          "start" : 17,
          "end" : 28
        }
      ]
    },
    {
      "text" : "whats going on in chicago",
      "entities" : [
        {
          "entity" : "intent",
          "value" : "\"news\""
        },
        {
          "entity" : "search_query",
          "value" : "\"chicago\"",
          "start" : 18,
          "end" : 25
        }
      ]
    },
    {
      "text" : "whats happening in basketball",
      "entities" : [
        {
          "entity" : "intent",
          "value" : "\"news\""
        },
        {
          "entity" : "search_query",
          "value" : "\"basketball\"",
          "start" : 19,
          "end" : 29
        }
      ]
    },
    {
      "text" : "whats happening in chicago",
      "entities" : [
        {
          "entity" : "intent",
          "value" : "\"news\""
        },
        {
          "entity" : "search_query",
          "value" : "\"chicago\"",
          "start" : 19,
          "end" : 26
        }
      ]
    },
    {
      "text" : "whats happening in tennis",
      "entities" : [
        {
          "entity" : "intent",
          "value" : "\"news\""
        },
        {
          "entity" : "search_query",
          "value" : "\"t\"",
          "start" : 19,
          "end" : 20
        }
      ]
    },
    {
      "text" : "whats happening in the real estate world",
      "entities" : [
        {
          "entity" : "intent",
          "value" : "\"news\""
        },
        {
          "entity" : "search_query",
          "value" : "\" real estate\"",
          "start" : 22,
          "end" : 34
        }
      ]
    },
    {
      "text" : "whats happening in the world of tennis",
      "entities" : [
        {
          "entity" : "intent",
          "value" : "\"news\""
        },
        {
          "entity" : "search_query",
          "value" : "\"tennis\"",
          "start" : 32,
          "end" : 38
        }
      ]
    }
  ]
}