{
  "data" : {
    "lookups" : [
      "trait"
    ],
    "name" : "intent",
    "lang" : "en",
    "exotic" : false,
    "id" : "intent",
    "values" : [
      {
        "value" : "faq"
      },
      {
        "value" : "jokes"
      },
      {
        "value" : "news"
      },
      {
        "value" : "pokemon"
      },
      {
        "value" : "projects"
      },
      {
        "value" : "repeat"
      },
      {
        "value" : "uptime"
      }
    ],
    "doc" : "User-defined entity",
    "builtin" : false
  }
}